Country,Afghanistan,Albania,Algeria,Andorra,Angola,Anguilla,Antarctica,Antigua and Barbuda,Argentina,Armenia,Aruba,Australia,Austria,Azerbaijan,Bahamas,Bahrain,Bangladesh,Barbados,Belarus,Belgium,Belize,Benin,Bermuda,Bhutan,Bolivia,Bonaire Sint Eustatius and Saba,Bosnia and Herzegovina,Botswana,Brazil,British Virgin Islands,Brunei,Bulgaria,Burkina Faso,Burundi,Cambodia,Cameroon,Canada,Cape Verde,Central African Republic,Chad,Chile,China,Colombia,Comoros,Congo,Cook Islands,Costa Rica,Cote d'Ivoire,Croatia,Cuba,Curacao,Cyprus,Czechia,Democratic Republic of Congo,Denmark,Djibouti,Dominica,Dominican Republic,Ecuador,Egypt,El Salvador,Equatorial Guinea,Eritrea,Estonia,Eswatini,Ethiopia,Faeroe Islands,Fiji,Finland,France,French Guiana,French Polynesia,Gabon,Gambia,Georgia,Germany,Ghana,Greece,Greenland,Grenada,Guadeloupe,Guatemala,Guinea,Guinea-Bissau,Guyana,Haiti,Honduras,Hong Kong,Hungary,Iceland,India,Indonesia,Iran,Iraq,Ireland,Israel,Italy,Jamaica,Japan,Jordan,Kazakhstan,Kenya,Kiribati,Kuwait,Kyrgyzstan,Laos,Latvia,Lebanon,Lesotho,Liberia,Libya,Liechtenstein,Lithuania,Luxembourg,Macao,Madagascar,Malawi,Malaysia,Maldives,Mali,Malta,Marshall Islands,Martinique,Mauritania,Mauritius,Mayotte,Mexico,Moldova,Mongolia,Montenegro,Montserrat,Morocco,Mozambique,Myanmar,Namibia,Nauru,Nepal,Netherlands,New Caledonia,New Zealand,Nicaragua,Niger,Nigeria,Niue,North Korea,North Macedonia,Norway,Oman,Pakistan,Palau,Palestine,Panama,Papua New Guinea,Paraguay,Peru,Philippines,Poland,Portugal,Puerto Rico,Qatar,Reunion,Romania,Russia,Rwanda,Saint Helena,Saint Kitts and Nevis,Saint Lucia,Saint Pierre and Miquelon,Saint Vincent and the Grenadines,Samoa,Sao Tome and Principe,Saudi Arabia,Senegal,Serbia,Seychelles,Sierra Leone,Singapore,Slovakia,Slovenia,Solomon Islands,Somalia,South Africa,South Korea,South Sudan,Spain,Sri Lanka,Sudan,Suriname,Sweden,Switzerland,Syria,Taiwan,Tajikistan,Tanzania,Thailand,Timor,Togo,Tonga,Trinidad and Tobago,Tunisia,Turkey,Turkmenistan,Turks and Caicos Islands,Tuvalu,Uganda,Ukraine,United Arab Emirates,United Kingdom,United States,Uruguay,Uzbekistan,Vanuatu,Venezuela,Vietnam,Wallis and Futuna,Yemen,Zambia,Zimbabwe
1980,1756302,5166240,66416467,0,5334352,0,0,142896,108656130,8018019,585435,220537329,52024931,46221853,7972125,7881264,7597219,674176,96796447,134835791,190528,479826,436016,21984,4658973,450691,16140719,985616,185936554,29312,6877328,77250574,432352,146560,285792,3885945,442846874,120912,106256,208848,25093677,1494495884,44174239,47632,405529,29312,2448461,5569280,16358061,31374023,8446479,3260647,181592364,3485020,60348445,348080,36640,6427009,13407168,45176028,2119434,58624,0,35135255,465328,1817483,421360,792420,58139288,509284604,373728,293120,6624651,157552,14292533,1100065995,2548058,50888695,564256,47632,534944,4492606,963632,146560,1788032,745071,2037957,16600216,86608751,1861846,291992232,94872873,120493923,45358192,26271548,20984618,386433006,8445355,944868566,4695815,229824360,6151529,29312,24616182,20491079,186864,23274918,5889758,0,2037558,26780556,0,36432644,11073563,527616,1613940,707996,28032597,43968,391343,1022256,0,692496,630208,589904,0,267743832,37871469,6855166,1593778,14656,15817737,3198489,5508783,0,124576,541295,176631776,1998603,17478875,2022343,570174,68035184,3664,114082190,11803035,31812686,6041936,31931551,157552,0,3107614,1828336,1485470,24064700,36868560,463329078,26773499,0,13081691,813408,196199077,2125165158,494640,0,0,113584,36640,36640,76944,40304,169240417,3336441,44923038,95264,608224,30433184,57514611,13241082,102592,813408,228217346,134524426,311836,213911907,3388599,3427041,2369417,71713685,40490605,20726688,83506846,11884873,1873642,39956233,0,794433,40304,16919435,9465326,75212270,29408725,0,0,626023,673003583,36823397,579035415,4808295761,5818505,93759433,62288,90640605,16789037,0,3313518,3523262,9613952
1981,1978463,7335328,46341982,0,5266774,0,0,106256,101968542,7878212,557625,230140402,55832893,45370983,2798440,8518800,7886136,685168,94986895,123573623,183200,387291,388384,25648,4781038,429282,17566318,1007600,170621577,43968,2059168,80086800,556928,157552,300448,5319124,429629720,32976,135568,208848,24339015,1476487854,44260323,47632,470724,65952,2236213,3865520,17556620,32723480,8045250,3095654,179595650,3755424,51773059,300448,36640,6135240,16652800,50902684,1818731,69616,0,34463405,436016,1860007,439680,1077173,51403281,457517006,326096,329760,6564034,157552,14031406,1048523357,3029859,50125423,527616,58624,707152,3949467,989280,142896,1799024,758928,1807843,18616656,86352010,1748000,315265795,100297052,112995835,31901494,26061509,21017606,375300134,7408473,926835495,5825183,225146894,6473058,29312,25139621,20096973,150224,22846876,5844246,0,1934943,28667963,0,35813776,9485958,534944,1024540,601542,30877661,47632,394884,1143168,0,699824,633709,542272,0,283707437,37181291,6614668,1734520,18320,15718117,2479035,5622979,0,124576,453186,164109797,1390324,16560961,2134854,683795,65810503,3664,114394944,12845320,31845462,6012624,34232832,157552,0,3322709,1930928,1383157,24026774,34528214,408996956,27000480,0,12840684,784096,197730259,2084697846,600896,7328,54960,95264,40304,36640,76944,43968,175304540,3279857,49165254,98928,692496,25706624,56840973,14392940,135568,274800,257099438,139612588,302987,206096203,4005570,3329950,2028322,69388504,38812390,26534616,75043167,11665589,2106825,37816773,0,706484,47632,17242381,9800159,79185990,28876113,0,0,527045,659952580,36766936,560554477,4686171508,5355957,92086705,51296,91791584,17695406,0,4225439,3358031,9405387
1982,2094581,7302352,39173029,0,4635179,0,0,293120,103351137,8027958,623468,233896738,53565287,46230128,2258485,9830512,8552288,644864,96755378,117101908,172208,442545,395712,32976,4337867,479971,16135967,1099200,170923823,36640,2664731,89844183,575248,157552,337088,6315888,414454925,36640,142896,205184,20469871,1606585013,45679301,47632,1343102,51296,2070622,5554624,16126209,34527343,8995220,3157205,177936751,3046965,53684430,348080,40304,6303486,19235118,56431167,1752098,73280,0,35114206,436016,1473914,458000,835123,42976475,438606692,362736,337088,6543617,161216,14295495,1015733894,3028435,51508771,516624,62288,681504,3606792,981952,142896,1403312,817303,1749493,19622767,86600858,1593849,325683632,105583980,137770986,30374435,25566267,23854861,366879032,6214029,897407791,6255687,229303123,4633791,25648,21090278,20468800,157552,23276549,5719422,0,597408,30565102,0,36499894,8924177,483648,1013337,591348,30641940,47632,365132,1311712,0,802416,883024,501968,0,303905051,37864607,6712307,1593507,18320,16904631,2523930,5579515,0,124576,442361,133487127,1261786,18270238,2110702,745878,65393573,3664,116892097,11801021,30956683,5730496,37189621,157552,0,3278525,1945584,1362428,23600101,34838528,420970430,28999878,0,12334909,864704,195329236,2124002311,608224,3664,65952,113584,40304,40304,65952,47632,157893284,3036573,44978024,84272,553264,28381510,56337011,13205202,120912,718144,280459429,140806465,318549,208598534,4466889,3498865,1870567,62256745,36585737,24364443,75376099,11884464,2148300,37635606,0,817874,43968,18405236,9492860,86210026,29419522,0,0,544697,672464069,36752774,548240368,4447079918,4853822,93836338,51296,93201040,18341627,0,5933604,3510781,8779857
1983,2519954,7624784,52503909,0,5100535,0,0,84272,105142036,8147766,320425,224792399,51668238,46897384,2014374,8222016,8188282,685168,98119538,101201842,172208,404411,450672,29312,4278137,246676,17375726,1029584,165522685,40304,2733344,90061303,593568,205184,366400,6554480,408338502,36640,146560,205184,20667594,1694216811,49209648,47632,1142452,51296,2088813,4517712,17413671,30820618,4622995,3151348,178171982,3998000,50167913,348080,40304,7865595,19502609,56980476,1885365,62288,0,35616637,271136,1834754,487312,708926,41463371,421557477,384720,421360,5508589,161216,14500574,1011604905,3639025,54789372,362736,62288,732800,3159905,952640,142896,1245760,886028,1976452,20912106,88856201,1542530,352530101,105183842,149584899,38465143,25728681,23709025,358409081,6444906,880909402,7299946,232346223,4594671,21984,21541218,20754219,179536,23615068,6942200,0,706518,30146017,0,37059364,8364030,681504,650391,571666,38048307,51296,416621,996608,0,923328,937984,597232,0,277565869,38418743,6969065,1715921,21984,17626518,1954480,5753767,0,124576,492418,137357331,1151198,17998090,1996688,961841,59705247,3664,125163144,12707584,31998425,7525856,40022189,157552,0,3479672,2007872,1407919,20392858,35239075,421023769,29901627,0,11242561,901344,200116439,2154129018,696160,3664,51296,102592,32976,47632,65952,54960,160836962,2611411,48646981,98928,688832,33397360,56391145,14222216,142896,934320,291929963,149164997,325261,203435147,4854898,3571019,1372057,58268315,40022811,27774501,83126546,12054510,2196304,42117330,0,623627,47632,16275545,11249748,89812184,29842323,0,0,613545,681926015,35220453,545485136,4429186731,3803538,95179746,54960,92907945,19269692,0,6285599,3260766,10425096
1984,2821540,7818976,70946530,0,4985847,0,0,146560,106451701,8224408,800142,236370173,54214049,47323226,1853984,9200304,9077160,746995,98965496,104966540,172208,448296,443344,51296,4029341,615981,18324131,1044240,167683238,40304,1916272,87044932,465328,219840,410368,6052928,425233330,84272,150224,216176,21996919,1844828012,48701539,47632,1139504,21984,1980949,5133264,18425411,32580693,11544210,3234557,184301619,3931640,50856492,351744,43968,7390465,21189503,63704312,1588299,80608,0,35935275,333424,1650281,498304,577209,42147141,410103912,355408,461664,5979462,172208,14631096,1033244579,2567062,56284930,567920,62288,791424,3401061,978288,161216,1403312,903151,1957357,22224787,90561281,1809746,361889225,112460239,149863607,39771002,25549450,23498479,364601058,5140603,937069892,8246872,234213778,4253114,21984,28285242,20929922,183200,23829061,6713183,0,695432,28276211,0,37415503,9004226,604560,866372,552936,34794433,58624,434818,1363008,0,1384992,872032,626544,0,276648598,38765809,6424712,1809567,21984,17645233,1510863,6548548,0,124576,701424,144072857,1202153,19336614,1846034,990948,69405882,3664,134661631,13401098,33869787,8053472,42557326,157552,0,2867351,2044512,1490034,20632454,30831284,432467362,28793810,0,12298033,996608,188816653,2173259315,633872,3664,51296,113584,36640,65952,65952,51296,155512397,3284168,51491805,98928,615552,31968554,58377208,15000343,142896,714480,315624121,160734915,291698,197667200,3852101,3201609,1552032,57308088,39128720,32849009,84853671,12160923,2346983,45555778,0,694581,47632,17504409,11488525,94906029,30111362,0,0,580422,687938719,46155642,529108173,4661920937,3438156,96050974,54960,93002890,17495162,0,7096980,2804441,9879639
1985,3501422,7873936,72609068,0,4676114,0,0,249152,100531216,8862305,936532,240998346,54366320,51021362,1509568,10185920,10189161,845711,106659434,104004492,190528,686373,450672,62288,4109758,720980,18691650,1157824,180004339,47632,2594112,89221333,476320,230832,417696,6470624,421718695,84272,161216,179536,21283755,1998082904,48079490,47632,1275224,21984,2242455,6983584,18854420,32556045,13512007,3144994,181855103,3611908,60065327,359072,47632,7241543,19352678,63807233,1965338,65952,0,38762127,439680,1798710,516624,572991,49549076,403207462,366400,589904,6298543,172208,15770350,1044117955,3301674,59771927,509296,62288,806080,3496849,992944,172208,1417968,929520,1885699,22881405,85828377,1622635,397952960,121597383,159856662,44196437,26749804,24613013,368982391,5041745,912400813,8421513,252665370,3715959,21984,29070175,22564165,205184,25686638,7764934,0,716084,31002177,0,40311414,9236842,732800,1053031,553429,36329771,65952,405383,1198128,0,1110192,655856,707152,0,287370505,41765067,8997952,1845894,25648,17681777,1134944,6675517,0,124576,676018,146980001,1450955,21857954,1984836,994398,69635960,3664,144284694,13670127,32347589,8618546,46813546,161216,0,2726860,2125120,1547794,19454626,27899133,444507861,27129670,0,12377808,992944,193906925,2343796323,615552,3664,51296,128240,32976,65952,76944,54960,172421194,2650504,52622309,150224,663184,32397088,57617304,15301302,150224,857376,323890015,168792126,338992,199931395,3916566,3720366,1595856,62364008,39780898,29389377,84722327,13107279,2337900,48230370,0,659031,47632,20723080,11870937,105662356,32452364,0,0,616914,742188594,49652535,559627325,4652382863,3283824,103526974,120912,101026511,21097419,0,8573361,2732732,10213709
1986,3133645,8049808,76080388,0,4633840,0,0,249152,104150065,8439309,179536,239733352,53728532,53134302,1410640,11002992,11405807,915407,121012521,102366759,205184,624003,421360,54960,3763680,138214,19520177,1066224,197292556,54960,2297328,91172269,479984,234496,432352,1993216,404707950,58624,161216,186864,22013361,2104213354,48754285,43968,1062373,21984,2577534,5576608,19784027,33546752,2590293,3606067,183148592,3345663,58907152,377392,47632,8121059,15194065,74392898,1967496,80608,0,38760841,458000,2195246,490976,598086,53214366,388261654,366400,608224,4950761,161216,15571370,1047471904,3030344,58274423,326096,65952,857376,3664595,996608,183200,1044240,830222,1824977,25525918,83240792,1780225,426698557,122166074,147603415,47229553,28550302,26348255,363187621,4547176,912259933,9165052,257694147,4072961,18320,35230265,22528313,208848,23497340,7478448,0,722879,33895493,0,35895591,9111157,875696,1137097,548451,40101885,80608,379612,1483920,0,1271408,373728,798752,0,293412194,40694320,9595142,1927794,29312,18683950,977139,6756346,0,161216,697014,144014382,1400822,22945982,2255542,898947,73192175,3664,156835293,14276650,34857659,9824880,49058621,161216,0,2734755,2062832,1654639,21775107,29024737,451848670,30221141,0,13266982,1077216,201641336,2344123760,597232,3664,58624,131904,47632,65952,80608,51296,204603783,2636446,54993789,164880,674176,34100848,58038299,15980088,153888,923328,330526289,176336820,353638,189112664,3660301,3883377,1756928,62009779,42246574,31073248,94321231,12635212,2277593,49223372,0,847915,47632,17354846,11992358,115617877,35739851,0,0,701855,739271642,47030086,568553975,4663165469,3164926,99694072,58624,109239828,20584666,0,8192041,2865572,13068023
1987,3113826,7437920,83883502,0,5786029,0,3664,274800,114877229,8369284,447008,255861936,57373914,50437710,1421632,11420688,11799727,941049,111652312,102588713,227168,473696,571584,102592,4011801,122875,19056489,1238432,205838856,62288,3315920,91273155,516624,249152,436016,1842992,430982059,80608,260144,197856,22399415,2257738539,50123985,47632,1320092,21984,2723861,7349984,19312869,33933262,2302830,4184954,180967731,3815863,58346474,388384,47632,9687290,15022251,74613521,2414492,98928,0,37862407,436016,2554381,498304,471995,57533400,385361706,417696,611888,4009482,179536,15724398,1032442842,3263615,62576331,234496,73280,916000,3918400,992944,194192,1308048,898793,2144191,28085645,84136472,1845061,455758841,123878476,158562621,52183787,30226336,27068916,380098578,5379035,902530350,9506019,256440330,5075938,21984,31377858,21726126,212512,19242572,7670364,0,758462,32348263,0,35967113,8812260,970960,1282418,540712,40877684,80608,357505,1853984,0,1542544,3242640,930656,0,306022063,38560178,10482516,1882113,29312,19904884,976747,4943397,0,157552,860680,151480357,1454488,24165261,2430984,997660,59024431,3664,175618658,13938351,33281316,9401796,52988504,161216,0,3179553,2333968,1876639,25693675,32495771,463732639,31198344,0,11470526,1172480,211631672,2355475479,611419,3664,54960,146560,51296,76944,80608,51296,190446877,2424574,53689070,201520,498304,31810848,57337943,15576296,161216,992944,328695821,185398979,278883,189508050,4026917,3061183,1756784,59694709,40205245,35942867,98172144,12124975,2367510,56306165,0,924976,54960,17489066,11663346,128442187,36343460,0,0,768574,733236745,47450353,571667598,4825444723,3542533,99452750,47632,110661134,23296900,0,8626651,2673762,15170106
1988,2856896,7320672,83708041,0,5049306,0,7328,285792,121404742,9425002,611888,260892316,52937221,51327001,1538880,12142559,13478441,944787,114304647,99742820,249152,508050,644864,109920,4286778,121041,19663324,1300720,207596211,65952,5712176,86913327,553264,227168,450672,2153961,455669111,73280,230832,65952,26586553,2425893553,52017412,51296,1492941,21984,2905922,8804592,20023574,35616447,2268459,4197559,177843720,3977992,55112279,348080,54960,9739755,17168596,74309478,2433068,106256,0,37919633,436016,2640066,527616,549765,52058082,382764684,516624,575248,4320706,183200,16315120,1029024130,3411199,67051874,545936,95264,1007600,4075277,1025920,216176,1403312,1007669,2464967,29284781,78054788,1841119,492144025,132721211,175142708,67127427,29883637,29702603,385962261,4525484,985464274,9177012,273227450,4689960,21984,32825111,21713143,212512,18769180,7345655,0,809184,36160364,0,36258593,9099730,963632,1285795,537201,42869204,95264,383030,2011536,0,1630480,3184016,853712,0,305665561,39707605,11492876,1942096,29312,20930808,1006193,4086656,0,157552,975970,145602742,1501239,25449338,2240026,987026,70421346,3664,200808131,14382570,35676956,10516576,57607377,183200,0,2914665,2198400,2143738,25018145,37484705,444229969,32567555,0,11897661,1344688,212221685,2430947449,692308,7328,65952,164880,65952,65952,84272,47632,202251915,2710809,55460292,197856,458000,35280656,56281728,16144544,157552,1003656,342696184,210999523,403373,197457895,3456638,4429775,1873888,57425122,40662425,36679117,113075299,12936859,2271686,66202873,0,963449,69616,15833101,12376845,124727506,37104120,0,0,862875,725848667,48095598,570293732,5050267778,4785973,109000876,65952,115751755,23072536,0,9550232,3109022,16029461
1989,2764855,8976800,79808266,0,4922750,0,7328,285792,117020422,9522964,648528,277500995,53696289,51372229,1945584,11716746,13382363,988686,108837767,106792086,300448,570164,780432,62288,4968446,230412,19602901,1428960,212130682,65952,6342384,86482227,820736,267472,450672,7577693,462885150,80608,249152,102592,32002717,2463654367,52792806,51296,1495627,21984,2933345,8265984,19979560,35719059,4318197,4429735,169622805,4351992,48808831,388384,58624,10257903,20153710,71904562,2547246,117248,0,38869392,436016,2794114,578912,625202,52447930,396782299,670512,542272,5757464,179536,16192489,1008792342,3295020,73230803,472656,102592,1077216,4188155,1044240,230832,1183472,1023120,2680274,30141179,75917200,1896457,541134880,131673524,190197820,72241825,30061099,31394252,404741934,6724091,1021681739,9079754,264207283,5088479,21984,35771645,21050677,230832,17868815,7720771,0,659594,37068521,0,36651278,9846277,1029584,925801,558211,50083870,124576,415882,2169088,0,1421632,2802960,1051568,0,323480321,38695150,10459013,1936169,29312,22660664,1034531,4425299,0,157552,893564,161664236,1639517,25453206,1468317,1038158,42119387,3664,213071519,14338672,34235104,9985697,60316616,227168,0,2510273,2033520,2223418,21762108,38906538,422175098,40822222,0,14292370,1388656,213599490,2400308425,684248,7328,65952,164880,102592,76944,84272,47632,203423891,3661877,55355078,234496,373728,41003824,53672834,16064745,161216,952072,340752493,223564630,312751,224885414,3447011,3430803,1851760,55520775,39419076,34271281,123107163,12773730,2161598,77784244,0,1024183,69616,16105027,13140447,137569948,37574968,0,0,800488,682616899,54186135,581576100,5131926576,4852638,109867108,62288,108571086,17397909,0,9935053,2570005,16113654
1990,2603238,5444704,76737628,406704,5089864,51296,10992,219840,112079088,8962251,487312,279364842,62140063,51380396,2022528,12405777,14081596,1070082,103757549,120307911,311440,630642,501968,128240,5727316,246751,19314215,2700368,218658000,65952,6188496,76698698,582576,208848,1260416,2604793,458007408,95264,183200,377392,32891315,2484854820,56897743,65952,1007907,40304,2913015,4781520,22977726,29648420,4624407,4651680,164202710,4248965,53573406,274800,58624,8936017,16457820,75217533,2475071,62288,0,37649839,959968,2986507,703488,804718,56968380,392998429,709655,439680,4484725,197856,15945349,1052476835,3790882,83425552,624506,106256,1316162,4972245,1003936,172208,1128512,994997,2416737,27147690,73225500,2228425,578518195,150284643,209943734,49057049,32943604,35824360,439549775,7527165,1158007407,10476423,281461062,5687209,21984,37807037,19369007,512960,19661419,7868195,1472928,467124,36513782,198968,35767734,11823338,1033248,929640,740232,54269364,172208,422243,2408463,0,1691619,853712,1461936,66014,317042355,36633843,9889986,1915340,29312,22297998,988736,4235719,0,124576,721436,161806917,1576355,25649309,2043946,601779,38857279,7328,122400325,14184423,35098000,11222441,67827369,234496,861040,2631999,2154432,2135640,21400795,41349500,376807799,45333912,0,11411196,1241896,170879996,2525517951,523865,7328,106256,179536,91600,80608,87936,47632,208496989,3138804,56448232,150224,516624,43535575,61475359,15082957,146560,730901,312972667,250469067,433885,231194161,3830820,4768885,1737368,57378338,44152768,37045335,124066000,12084023,2112309,87915996,0,977644,76944,16981163,13126084,151508468,31365173,29312,10992,760855,705829992,51703774,600343890,5113454675,3967289,103515759,65952,121823036,21298647,0,9520184,2407113,15551593
1991,2427366,4228256,78806834,406704,5064054,51296,14656,212512,117505744,7288292,531280,281871548,65738192,50033976,1996880,11856551,14741983,1201999,96780435,123378418,406704,733234,538608,175451,5972409,196901,13633321,2634416,229394000,73280,5305472,61517284,626544,238160,1304384,2668440,449699173,98928,190528,384720,30949909,2606096182,56654080,65952,1082796,40304,3287914,4308864,16986189,27170202,3690152,5141180,148892387,3132604,64188666,285792,58624,9538286,16157175,77295842,3154717,65952,0,33823325,872032,2958472,655856,662360,55230404,417133786,799783,436016,4521703,197856,15869490,1014224521,4209288,83401121,609701,109920,1397423,4951134,1025920,175872,1106528,976137,2438592,28463072,69656214,2106051,615924923,180621138,226010886,45185441,33673494,36148458,439094031,7750991,1169691855,9903911,271694827,4708958,21984,14916435,16002119,545936,17919404,8115152,1527888,370884,42619846,206326,37849997,12443139,1091872,1010210,785906,65785134,153888,425894,2255389,0,1573200,868368,1520560,74705,330133158,29630992,12120977,1355041,29312,23688164,948792,4137416,1055232,124576,1026311,170227322,1758618,26332770,1986324,568790,41929195,7328,117227150,10035016,33540000,11594826,67477105,234496,883024,3104491,2169088,2103445,20757895,43471884,373827919,47152078,0,17380476,1634721,140203781,2396204964,472136,7328,106256,186864,102592,84272,95264,47632,288545496,3379206,38615868,172208,582576,44235472,53282005,13962073,157552,707587,326069086,275656518,406424,240932255,4138236,4466480,2023142,57752857,46132169,42200815,133586000,9767464,2255268,96747882,0,1049806,95264,16968163,15363726,157982005,32716869,29312,7328,779805,632536626,56673423,608430640,5057930940,4527678,102920705,65952,115052176,21375535,0,9127376,2381811,15501544
1992,1379462,2495184,79883305,406704,5164449,54960,14656,208848,121230584,5862939,538608,286332153,60236456,56174400,1868640,10873574,15379904,973443,88858780,122504884,355408,788194,461664,204711,6620673,162222,15028713,2777312,233601000,84272,5210208,57365193,630208,216176,1348352,2712299,463521037,106256,194192,406704,31978344,2730787587,61494680,69616,1289163,40304,3741868,3843536,16371432,20593126,3040235,5515863,144616942,2808223,58379818,300448,58624,10418188,21959676,79939884,3316777,65952,0,24355259,831728,2936737,648528,741103,54284403,406979372,809735,414032,4916933,197856,15276915,965893262,3661745,84982711,595600,117248,1408602,5919209,1058896,179536,1040576,888522,2685697,32918561,62084798,2254963,656033132,203577157,226934892,58889385,33494498,42082498,439315218,7708731,1179396064,11984199,247262845,5402381,25648,29648394,11080756,592727,14193385,9726913,1586512,387994,37024420,206948,21201457,12209704,1080880,980861,785968,72961016,230832,462522,2314902,76944,1733339,905008,1707424,80130,332780138,20978058,10993888,1483274,29312,24736784,1038198,4841915,1150496,120912,1232929,170015192,1575469,28274938,2372617,528493,46265317,7328,102962955,10984672,34468000,11892658,72014921,197856,916000,4112287,2191072,2579939,20985784,48292795,364740656,50981725,0,26780341,1771296,130235047,1957886127,479487,7328,109920,212512,95264,84272,98928,47632,316174686,3422666,42817983,172208,318768,47441472,48875446,13872606,161216,680744,301367423,300032947,363402,249831357,5106336,3989272,2030452,57495155,46008823,42561742,142172000,7308103,2177588,105963545,0,1030496,69616,19102764,14890977,163922250,31994181,32976,7328,797791,589060251,57757056,592883834,5167480847,5142888,110984327,62288,105576784,21466459,0,9873645,2424693,16713458
1993,1333055,2315648,81943970,410368,5748389,65952,14656,216176,117777485,2575039,648528,291324678,60660781,48406098,1744064,14608586,16062897,1100542,76555041,121438780,377392,957646,538608,172098,7791655,250419,12580576,3195008,244306000,87936,4964720,58425943,626544,227168,1384992,2865801,463993303,109920,197856,403040,33953348,2921650956,63337803,73280,1160443,43968,3890892,5092960,16807979,19822771,4693149,5759258,138634269,2662330,60625621,300448,62288,11208752,24088526,92277980,3975594,69616,0,19403677,710816,2993623,582576,743123,56348154,387666505,859485,428688,4974695,208848,9915700,956132116,4309505,84296366,545710,120912,1547974,5577778,1088208,183200,1044240,684199,2823529,34777844,63389238,2411258,677916275,219762164,235606908,63129812,33715571,44234508,431604727,8000958,1172339471,11774286,219593222,6214680,29312,49129433,8502275,607425,11921506,10354905,1634144,424629,38708328,215032,16353746,12354743,1179808,1006472,879964,86718637,197856,502813,2891126,84272,1862968,926992,1773376,89998,338067214,15845813,9262624,1293620,29312,26778886,1191645,5303029,1388656,113584,1397333,170206051,1828244,27862725,2282398,601843,44814164,7328,94868887,10123632,36008000,13224754,77175721,197856,934320,3784946,2191072,2914101,23884757,48928835,365441730,49496390,0,30684493,1768470,121018229,1859679401,482946,10992,113584,234496,73280,102592,102592,47632,340642423,3538709,37623281,183200,322432,49661856,46332794,14233705,172208,640424,320391282,330271665,250506,241208987,4975431,2746330,2037762,57536238,43600912,45221633,153793000,5170596,2426036,120910965,0,1068807,84272,17411193,16352595,171011163,27516396,40304,7328,797457,510199537,65565563,578635270,5267343060,4439220,115617242,62288,123966331,22853002,0,8625426,2466007,16046611
1994,1281602,1912608,86147476,406704,3864521,65952,14656,216176,122229002,2713342,659520,300084261,61034437,41943904,1769712,14754455,17538015,738502,62505113,124807756,373728,1098391,531280,201584,8593811,240082,3204952,3030128,254002000,98928,4689920,56403945,644864,234496,1425296,2841138,478267071,113584,208848,406704,37516676,3100002045,66790576,73280,1768571,43968,5199850,4132992,16052777,21382319,4499423,6000649,132370351,1698214,64688838,293120,65952,11796446,13539560,84555822,4512672,76944,743834,20036425,1077216,2197201,575248,737955,61711042,381025934,761331,443344,4374933,208848,6067844,939814629,5088912,86442177,495715,142896,1662784,6751174,1124848,183200,1458272,183200,3161731,31079293,61786518,2364690,716917563,222855120,263820316,71089200,34837654,47474582,425796750,8188610,1227273012,13249567,185657718,6421892,29312,55225776,6147083,634264,10370009,11110825,1674448,422584,43752489,201109,15801144,11542458,1271408,1247425,903270,90630988,197856,548393,2669722,84272,1999077,956304,1623152,98086,351528180,12426964,7927060,1256653,32976,28123801,1079627,6195949,1571856,109920,1619432,170787871,1971181,28027524,2517961,579753,34934724,7328,86719860,10534000,37914000,15054073,84018296,197856,967296,4177258,2180080,3404286,23758891,54122468,360510921,50276505,0,30304340,1863625,119141535,1641616084,462124,10992,120912,260144,69616,120912,95264,47632,328139002,3836950,36326480,201520,348080,60085936,43731639,14628136,183200,629417,338624941,355836406,344484,253688033,5435205,3784971,2042253,59999754,42675783,46190068,161160000,2355098,2063123,133299375,0,1006679,91600,17024210,15777158,167433113,33443118,43968,7328,708177,419266301,72604782,574640846,5358824048,4030404,107979978,62288,129531168,26168861,0,8982038,2393258,17393590
1995,1230463,2066496,94981417,425024,10948907,65952,3664,223504,127764859,3433180,707152,308022587,64011231,33309350,1839328,14786477,21041714,806635,57507956,125941718,377392,1117483,531280,236263,9800023,237581,3402028,3044784,268678000,109920,4785184,57950326,624110,238160,1498576,3203724,490951380,120912,208848,421360,41072182,3357908888,58775392,76944,1185944,43968,4800770,6115469,16816449,22835124,4452554,5872254,131600512,2103614,61602249,311440,80608,15106975,22686239,94890392,4998356,84272,822787,18212950,1062560,2505953,571584,755017,58139983,385975389,711474,432352,4606046,216176,2290286,938968408,5153605,86979098,534120,150224,1733922,7078550,1165152,183200,1568192,875696,3766619,31267054,61391277,2467100,762120642,226542578,271581982,74083308,35852203,49865527,449826011,9173406,1239619832,13208063,178381106,7405763,29312,54589610,4511588,670900,9133772,12254741,1707424,423397,45689944,204200,15091554,9151714,1231104,1287705,906678,113933664,249152,595200,2460269,87936,2021339,1014928,1828336,108370,331596610,11405406,7899350,1327336,32976,28750270,1108989,6907278,1619488,106256,2308915,172300370,2063132,28148848,2755058,561917,33416744,7328,81260564,10636592,38522000,15719100,83614359,197856,945312,3652970,2059168,3937149,24668635,59950366,362877091,54543421,0,31298254,2063744,124257313,1613141141,454761,10992,128240,274800,69616,128240,113584,47632,262421123,3430121,38373896,197856,230832,40545824,44174112,15342484,190528,589097,361639961,383696012,356079,267458288,5814277,3902880,2060551,59414424,43412719,41200149,168873000,2445277,2433890,155516901,0,1174741,95264,16460280,15546934,180903047,33933523,47632,10992,925485,389864615,70012283,566567960,5421502465,4557192,102663682,65952,132876193,28696697,0,10352088,2142313,15028392
1996,1164920,1993216,96786277,454336,10423993,69616,3664,238160,134762070,2595440,725472,316332223,67355343,31242309,1813680,15589977,21492816,822512,58376632,129480003,307776,1150830,527616,283672,10086080,222243,4239503,2755328,289311000,117248,4741304,58500870,704700,241824,1516896,3593879,506999620,142896,212512,436016,47611140,3503233703,59770880,80608,1339380,47632,4686377,7335328,17344006,23332951,4165091,6222419,134954556,2311092,74851794,293120,73280,16484352,24024921,93568654,4414490,128240,898479,19134482,787760,2794189,600896,814431,64056529,402402889,586401,436016,4754184,219840,4053812,959151308,5468649,89132008,596742,153888,1824359,6571124,1234768,183200,1652464,1018592,3816897,28908528,63024745,2522576,825918856,255067457,273768887,69283215,37468513,51935752,444029280,9687622,1251530853,13825418,163940711,9154939,29312,49913639,5664159,749891,9211478,12752780,1736736,434790,44514425,205959,15773444,9201608,1406976,1340553,905386,113441942,289456,646081,2578446,87936,2001211,1062560,1949248,116349,345766112,11687090,8023326,1552994,36640,29524523,1091814,7202638,1722080,102592,2352779,181452864,2183915,29377311,2847245,642005,36788593,7328,71638252,11684496,41594000,14883763,93538964,197856,1036912,4446773,2187408,3718801,24224357,61255046,377563442,51837534,0,31668365,2275795,127571733,1580375678,464040,10992,131904,293120,69616,131904,124576,47632,258274784,3664147,44810297,234496,307776,48012941,44041773,15987079,197856,567920,363672943,421094512,367368,254883195,6970579,4027584,2082514,63349951,44098704,42322200,176779000,2823798,2526706,173728728,0,1265171,76944,20768035,16580878,199521939,30604733,47632,7328,1018092,351408753,72774932,588187603,5610581589,5405165,105546009,84272,122338416,34206458,0,10526331,1837995,14908902
1997,1084127,1531552,87004706,465328,7347664,69616,3664,256480,137641464,3269238,758448,327109554,67252097,29802216,1608496,17288859,23125868,888236,58919638,123983481,388384,1194663,523952,375423,11256021,232580,8365765,2799296,306949000,117248,4931744,55856050,804007,249152,1465600,3157376,521278446,146560,216176,450672,55433244,3510169286,64496528,84272,1920731,47632,4916182,7012656,18557198,24808969,4358816,6310214,130725010,1875443,65451195,329760,80608,17265690,18206447,107512839,5415735,304112,808466,18645053,1143168,2980158,589904,782808,62719213,395245277,546335,454336,4774817,223504,4426263,931324201,6204804,93820932,617614,168544,1837671,7501859,1289728,201520,1806352,1348352,3944794,30496981,61623522,2618531,859686238,280733833,267045699,68079443,38804279,54865705,449754083,10068187,1244781173,14074057,155571482,8119526,29312,54670690,5574669,792409,8679757,15098693,1769712,453515,45506217,218366,15196349,8553962,1487584,1623118,947181,122084586,329760,726665,2586188,87936,1973126,1077216,1996880,121909,368644797,7301343,7688408,1669797,32976,29977577,1170237,7444900,1769712,102592,2641111,174493997,1817470,31326236,3114466,646057,41008773,7328,65158403,10577968,41756000,15247872,93788159,197856,864704,4630072,2575792,4127971,27285191,70061731,367508322,54711152,0,36789307,2564613,116666942,1475360211,482529,10992,142896,293120,47632,131904,124576,47632,215807489,3182368,48323099,274800,223504,56737040,44171521,16506545,205184,538608,385459512,445188245,449752,267420095,7520293,4940026,2104476,58251198,43037152,45377967,190542000,2150084,2824358,178593874,0,878986,98928,20559595,16747231,212005568,30556472,54960,7328,1061946,340242686,73100847,562333177,5686464995,5513665,106629578,84272,133482705,44516863,0,11315914,2354102,13911984
1998,1029157,1744064,106621010,490976,7268420,76944,3664,271136,139451896,3397212,806080,338697079,66886986,31665754,1989552,18366355,23197800,1099459,57396426,130209029,370064,1113856,520288,368354,11246257,12838,10550597,3341568,317359000,120912,5158912,53174881,858942,249152,1875968,3136039,528987104,157552,219840,461664,56786960,3360455433,65157688,91600,355408,47632,5234101,6584208,19011850,24293962,240594,6607266,125308969,1655511,61219066,384720,76944,17788184,22313483,121465771,5731188,263808,586169,16916908,1161488,3147422,622880,761625,59369603,413905746,645274,450672,4956206,241824,4939172,923356691,6244973,98641499,596843,175872,2223073,8639397,1363008,172208,1828336,1234768,4737307,38924984,61163628,2637554,877698067,215970801,305503483,72101517,40708288,56009768,461945883,9694035,1204993482,14253067,150160515,9896093,29312,51560346,5914543,820068,8305866,16286495,1802688,484039,45807620,229228,16030578,7675930,1557200,1710612,922942,114237500,300448,934320,2545134,91600,1760973,1069888,2169088,120729,388356890,6443838,7687468,1757580,29312,30881156,1111895,8036074,1817344,98928,2223327,175462952,1810016,29930578,3392724,697411,37745961,7328,58769493,12571184,41885000,16300798,96740735,197856,1461936,5900714,2861584,4383911,27608865,68252520,339346464,59267636,0,31721741,2643541,104073457,1458367830,481523,10992,150224,322432,54960,161216,142896,47632,207240053,3333565,50807901,289456,241824,47412160,43931936,16035292,216176,512960,377313339,378444346,389947,276064762,7735926,4285317,2104454,58721858,44614714,49756322,200159000,2496671,2480937,158145193,0,1289967,87936,19750647,17808539,212040282,32025557,58624,10992,1208757,328578938,80682526,567600126,5731049595,5638758,118498913,80608,166803906,46791454,0,12064542,2278458,14131139
1999,809512,2975168,91668212,512960,9130235,80608,3664,282128,147285131,3049535,809744,346598867,65639881,28569828,2033520,17988735,25074988,1162451,54902271,124700661,348080,1461936,512960,371951,10721598,96200,10333251,3158368,327256000,120912,3803232,46380143,915606,252816,1894288,2996919,543729999,183200,230832,476320,60890176,3350340129,54761240,95264,362736,47632,5437766,5939512,20022950,24467107,1802894,6873950,116614327,1317470,58635471,384720,80608,17821253,21364414,124496184,5587859,406704,615453,15911694,1238432,3094276,630208,774787,58891935,411544213,514797,498304,4788392,274800,4310981,895874334,6370451,97958378,594492,194192,2171102,8805825,1432624,194192,1832000,1271408,4613286,42549016,61663704,2840387,951748674,243950117,379501400,71681430,42439518,54756050,466424826,9958188,1241611492,14266665,124985766,10028879,29312,53822654,4648470,845838,7717698,16429672,1824672,390794,45054524,226555,13482975,8127845,1516896,1817650,922104,108291440,421360,970960,2627594,87936,1898035,1095536,2425568,147724,390516452,4684538,7535224,1211858,36640,31985669,1168343,8929950,1663456,91600,3191083,169936664,2055504,31537744,3597173,682581,39586895,7328,64099575,11666176,42646000,20556572,99389325,197856,1366672,5622234,2443888,4375923,29173621,68176029,329535926,66906352,0,30755617,2905247,88097884,1486300503,502620,10992,161216,333424,54960,164880,135568,47632,225985542,3603593,35027196,304112,194192,49200192,43061279,15405339,216176,490976,374830818,410995617,422901,299540265,8516617,4645209,2122753,55857374,44445861,51772170,207796000,2517199,2458755,164986687,0,1850434,109920,22464441,18118679,207804163,37605609,65952,3664,1254724,298203960,77543763,561108555,5804668919,6682218,121739198,84272,172562678,46889833,0,13723955,1777604,15727769
2000,757672,3004480,82221010,523952,9516064,87936,3664,293120,142358347,3491407,2377936,351819599,66138790,29506320,2026192,18794084,26524611,1151592,54706238,126720241,395712,1472928,516624,382875,8640753,255254,13702201,3777584,340183000,124576,4590992,45465687,1029710,271136,1974896,3345986,566552294,216176,234496,487312,58095520,3439152210,56258838,102592,565014,47632,5393873,6463296,19660565,25775495,4783762,7120330,127127423,892726,54291739,366400,102592,18991627,20562217,140349710,5670975,615552,604433,15485187,1209120,3462855,688832,833176,57038198,405901062,502873,571584,4668567,274800,4500388,899852056,6101182,102999026,667505,190528,2125185,9764762,1491248,146560,1747728,1634144,4929308,40282786,58365110,2932131,978919215,274726688,369149582,71715533,45248509,59519380,470493152,10313990,1264374642,15200204,149054077,10390516,32976,53385365,4602495,960400,7081458,15466264,1850320,420753,47514863,216849,11876400,8709917,1630480,1867232,865487,126203049,450672,1066224,2545522,98928,1963391,1113856,2689376,161794,396066364,3572952,7486824,1520843,25648,33199036,1321945,10043900,1604832,84272,3037431,171085017,2220454,32339419,3721323,693915,78823114,7328,69164938,11995936,42171000,21535572,105419768,208848,1659792,5728391,2663728,3606132,30103859,72347741,317691568,65697820,0,34011717,3183404,92364222,1471259489,515135,10992,172208,348080,54960,146560,142896,47632,296363782,3902052,44950193,315104,329760,48394112,41152237,15043127,223504,479984,378254856,440530735,459821,311384586,10134099,5055397,2192347,54709803,43617591,50481212,226979000,2233862,2571821,168799992,0,1331372,95264,24191265,19671641,229790601,37466194,69616,7328,1360870,285337201,111787053,567585033,6010508353,5268017,120994017,84272,151869910,52600951,0,14475379,1784113,13818202
2001,797962,3220656,83780203,523952,9670938,95264,3664,296784,134003944,3532701,2407248,360454654,70138688,28791317,1945584,14077837,31034909,1186226,54770371,126065433,447008,1689104,527616,369013,8292136,259922,13262811,3847200,346166000,128240,4389472,48981924,991095,205184,2249696,3325841,559042165,234496,245488,501968,52558259,3514933795,55938888,106256,765776,36640,5666567,7397616,20783249,25215883,4871251,6994276,127024288,769774,55879240,366400,109920,19144596,22940109,124293719,5857395,2964176,626345,15866332,1095536,4264586,762112,1045869,62536132,410533356,558215,681504,4771911,300448,3732319,916648522,6733777,105385700,618086,194192,2258428,10233260,1560864,150224,1744064,1471293,5602252,37801699,59968172,2863426,992560136,303341381,394759364,84556041,47606827,63023569,470575948,10576440,1249766267,15609517,143585019,9236819,29312,57485387,3861425,1062694,7496320,16406606,1875968,446730,48462693,214660,12627073,9207449,1685440,1735646,790660,133988165,461664,1161488,2665171,102592,2002757,1172480,2861584,170447,410697922,3786589,7869910,1667268,25648,36805697,1553994,8681456,2011536,80608,3236078,176210616,1876642,34490005,3921750,652799,86718724,7328,71664474,11926320,43537000,20106774,107126423,216176,1348352,6953090,3206000,3695507,26980952,70303956,313822673,65264097,0,41213508,3310941,97848990,1507706569,522380,10992,175872,359072,54960,179536,153888,51296,296588051,4258100,48098901,344416,432352,49200212,43245270,16288266,234496,501968,371516696,456245393,529084,313343951,10326369,5817098,2362832,55637649,45082401,48139900,229927000,2287606,3040810,180708336,0,1158913,87936,26569367,20545596,213486094,38000361,73280,10992,1417088,303559229,100590959,576313538,5904881595,5030443,122586352,87936,171975048,59654045,14656,16016834,1885603,12508722
2002,1051609,3748272,89406933,531280,12598124,95264,3664,329760,124392348,3076793,2436560,367112898,71942960,29640751,2037184,15868013,31981243,1199568,54583388,126864528,432352,2110055,556928,401008,8383703,250586,14172601,3975440,347765000,135568,4253904,46156421,1001313,212512,2205728,3325343,564669174,274800,241824,509296,54470908,3872595297,55430416,106256,575248,25648,6245400,6957936,21887758,25523650,4696273,7183619,123940088,850081,55537933,399376,102592,20949129,24753207,125782381,6069883,7782336,600625,15348893,1080880,4431687,725472,879737,65059823,406010421,505891,685168,4543849,300448,3351955,899971399,7232698,105020957,579721,205184,2356499,10721662,1623152,153888,1714752,1785235,5868022,39485079,59004668,2991283,1023027203,310818287,397624829,86322167,46080800,59301358,478005096,10202580,1279120141,16420437,161037004,7819235,40304,57981039,4920849,1165768,7520240,16243744,1905280,435691,48186163,220008,12699159,9983581,1516896,1232145,846135,135118208,593568,1209120,2707481,109920,2027886,1249424,2883568,185926,411967687,4051736,8262491,1766249,47632,37306287,1537057,9153973,1788032,76944,2596383,175571321,2392238,34659519,3989804,695719,94303640,7328,68641603,10867424,42623000,25234870,112903875,212512,1154160,5821097,3484464,3857264,27009978,70156337,306583828,69748703,0,40702617,3333689,98049942,1495693637,518873,10992,197856,359072,58624,186864,161216,58624,325697903,4436925,51018599,348080,501968,47093392,41974800,16547109,245488,586240,356357408,476789310,674322,333447052,10948020,7417876,1560114,56606994,43467507,38439424,237650000,1877243,3485616,190810365,161216,1322471,102592,28591178,20558744,220977701,39890208,98928,10992,1446221,295673490,83698221,560066032,5946770566,4557757,127518315,84272,192746571,68499452,25648,15554371,1960891,11895839
2003,1185951,4231920,91048404,534944,8988970,102592,3664,351744,134631008,3455560,2561136,373233047,77450503,30623566,2070160,16769491,33459295,1245266,56105032,128250339,432352,2393998,560592,360428,9984595,250753,14358120,3825216,344645000,146560,4470165,50533439,1074545,161216,2377936,3698676,582343586,307776,223504,743792,54864180,4545013886,57093904,135568,916000,29312,6582545,5133073,23214314,25942743,4699398,7574158,127413414,1037159,60626347,421360,117248,21345009,26746806,146462658,6434851,7961872,710473,17234693,1003936,4870232,732800,1037013,72657796,411946138,645518,740128,4614161,300448,3735201,901151903,7438500,109089754,649778,216176,2387588,10447951,1700096,194192,1857648,1700183,6616876,43202329,61756139,2984898,1059616164,340441487,413664624,90785437,45683185,62414678,495964765,10667060,1287467746,16982176,178962184,6587069,43968,59624099,5381613,1220964,7725891,18529028,1930928,467987,49473554,229340,12692599,10458916,1531552,1681066,903374,156521332,505632,1245760,2979281,106256,2180692,1289728,3059440,190345,437757538,4404268,8007876,1889193,36640,36570125,1855517,9779282,1883296,65952,2810383,179009426,2725557,36300950,4335245,754479,100008039,3664,70138024,11226496,44012000,32027533,117490988,212512,1278736,6090004,3942464,4031488,26210112,70215303,319597675,64654420,0,41300453,3144830,102508830,1525606991,509103,10992,197856,377392,62288,197856,157552,65952,326517114,4927512,54764401,340752,534944,49438352,42306683,16249618,256480,593568,404173093,485954842,753349,337700854,10953041,8284643,1537767,57188352,44651905,53581772,248401000,2070857,3687241,201992577,161216,1804731,117248,32250868,20925683,236483893,44520727,102592,10992,1512745,307017472,105618741,571471921,6011837495,4526888,125935969,84272,191457512,76047699,25648,17081395,2074413,10609583
2004,889167,4103680,87853359,560592,18700613,120912,7328,366400,157043391,3691197,2616096,386766273,77667970,32077061,2048176,17883505,35945411,1269520,59800556,128780768,392048,2593600,582576,290832,10185337,263090,15462454,3894832,361434000,161216,4873120,49585121,1100145,197856,2443888,3851285,580758769,329760,219840,747456,59026076,5223754656,54569256,146560,948976,51296,6841678,7335328,22891547,25221231,4930618,7800745,128169219,1149429,55076073,406704,142896,17333192,28785670,149143319,6253812,9962416,769025,17367835,1000272,5158551,747456,1340918,68960708,413148836,629917,725472,4657891,322432,4275506,887089127,7153326,109546749,639923,205184,2553717,11180307,1762384,201520,1927264,1651995,7194159,41569401,60132085,3109114,1125471265,344393729,441946593,113635050,46165841,58679234,501567832,10574223,1282861601,18670695,188546939,7438961,47632,63108923,5807885,1282484,7730969,17208415,1982224,546472,50628915,229372,13287305,11828910,1714752,1789720,912251,171102004,666848,1406976,2846411,117248,2306858,1384992,3088752,208554,438856697,4613424,8570727,2041278,47632,42225556,1863973,12370096,1971232,65952,2582410,180896327,2514913,35953304,4377836,809246,98685312,3664,71721172,11105584,44357000,27592451,129959785,216176,2194736,5710970,4484736,4061307,31708170,72771498,324413220,67494689,0,42711403,3268758,101764847,1530694319,515763,10992,212512,403040,58624,219840,164880,73280,394584890,5238223,59009551,370064,520288,46858896,42787218,16679951,274800,593568,449078688,492249170,951984,354611847,12147363,10470832,1555785,56501179,45236397,50384730,257883000,2560492,4232275,217170703,175872,1743929,109920,32575769,21926618,244464112,46446514,102592,10992,1607486,310362748,111801797,572903657,6114006880,5564822,125118217,58624,151268097,87743442,25648,18647044,2104131,9428642
2005,1303267,4198944,106472836,575248,19005991,128240,7328,373728,161434200,4376169,2718688,387601592,79067961,34286420,1905280,19804053,37676581,1319152,61126616,125640801,421360,2489730,582576,378475,11175978,260756,16045984,4092688,364371000,179536,4869456,50656287,1122080,153888,2773648,3591290,575852411,439680,216176,765776,60926496,5876555340,60059624,142896,996093,62288,6723403,7496544,23345544,24442108,4886874,7954994,125678621,1445041,51506467,414032,142896,17940521,29969504,165043688,6297707,8038816,768953,17156154,1014928,4956129,721808,1082308,57047263,415517543,594647,784096,4858905,326096,5017588,866697224,6802875,113930967,644089,216176,2382748,12109271,1824672,212512,1619488,1724339,6830896,43730550,60277822,2976356,1185953364,348988697,463499413,112764261,48155797,56524139,502259537,10416539,1290371061,20436793,201799685,8338351,58624,71165760,5514575,1337012,7810572,16650191,2011536,654236,56988605,228953,14117412,12087022,1828336,1726562,904839,181332800,600896,1454608,2654256,113584,2440966,1436288,3293936,224552,463993190,4937548,8573710,1750836,40304,44660769,1769698,11528577,2311984,62288,2986772,176922450,2809699,37553454,4270109,708628,105757809,3664,74919525,11178864,43382000,29467403,134756587,219840,2740672,6971338,4382144,3779891,36934245,73272162,323384819,69713156,0,50690106,3692636,100259175,1547599053,514223,10992,197856,388384,62288,219840,168544,76944,395854760,5538919,51634114,381056,425024,36467792,42792585,16904770,282128,593568,415924640,499564402,912013,369681300,11935225,10028067,1588520,53884416,45788174,49881564,266460000,2439487,5359481,222990024,175872,1721591,113584,37944097,22268761,264200797,48232724,120912,7328,2017941,313118088,114477675,569962114,6134521473,5726669,116576172,58624,163822999,94693883,29312,19794359,2242543,10698489
2006,1635378,3843536,100202857,545936,22101650,142896,7328,384720,174608992,4401590,2715024,397294711,76796491,39108582,1853984,19421150,41689168,1342800,63934085,123883988,443344,3351106,652192,374387,11547714,271760,17386820,4132992,368871000,183200,4737552,51894237,1356465,183200,2997152,3752466,571409763,472656,227168,791424,63949324,6488803816,62004536,164880,1127466,54960,7006724,6811376,23554158,24693041,5093097,8182561,126493458,1552192,59428761,410368,142896,19111932,28894631,176019064,6717812,7108160,548946,16502336,1014928,5318177,677840,1202662,68389147,405761299,507507,780432,4143462,351744,6096712,878320430,9159489,112472438,662254,230832,2336210,12176554,1890624,216176,1509568,1752042,7676539,41914808,59641574,3152914,1259744276,346705556,503636232,97964939,47603979,62148963,496891877,11577210,1267361874,20526390,221130080,9335661,65952,73389651,5419141,1757335,8309951,14792376,2037184,672734,53255754,231075,14434079,11919754,1619488,1667383,916686,178785308,758448,1535216,2665944,120912,2378152,1421632,3627360,243268,476565216,5029747,9405776,2062832,40304,46249416,1915622,12779149,2337632,43968,2456469,172098275,2706642,37543425,4418076,687524,97808933,3664,76172160,10834448,43972000,39046693,143726406,227168,2264352,7524040,4305200,3908692,28431739,66523624,337289642,64926555,0,63196840,3917450,103193178,1606541855,514420,10992,201520,410368,65952,216176,172208,84272,431291968,4422390,60838317,384720,578912,43044672,42557319,17150495,289456,593568,446622588,504505722,998668,360702602,11792541,10983681,1738560,53702639,45373455,52841498,276159000,2655168,5879905,226330572,179536,1500506,128240,42414371,22601843,281649185,49372747,142896,10992,2383386,332670337,121737475,567571938,6051668046,6597095,119364938,47632,160160226,98625742,29312,21084874,2231118,10365461
2007,2268605,3828880,108401946,538608,24977271,150224,10992,406704,174245760,5100210,2821280,401925539,74096973,30459078,1872304,26771124,42642128,1362784,63302926,120479545,476320,3930960,729136,373389,12662540,305938,17474332,4228256,390573000,186864,8309952,55740359,1590799,201520,3471142,5703100,594665366,505632,230832,853712,70683248,6978611952,60178840,106256,1211198,51296,7960740,6536576,24866343,24240301,5733640,8501640,128307200,1696531,54656001,461664,183200,19992930,33685516,185907328,6845580,5583936,563359,20021749,1040576,5839596,688832,1140350,66765402,395427663,600467,769440,4089598,351744,6365351,851624329,9618768,114592335,653156,238160,2488238,12144909,1967568,230832,1780704,1772405,8205736,43572438,58553641,3496090,1358152218,388255228,512659548,61169409,47663727,62799906,490602557,10749231,1303134177,21436498,227549584,9540667,58624,74875310,6518943,1835383,8637220,13746087,2073824,628785,49977432,200738,15824053,11316965,1363008,1724027,969425,182455363,780432,1788032,2738399,124576,2146876,1637808,3685984,254993,479786812,4978554,12078744,2055504,40304,48912715,2188865,12794267,2359616,43968,2570341,171881079,2926788,36657303,4550682,715992,94269806,3664,63478435,9383504,45714000,43969601,155845590,252816,2322976,7349627,6115216,4041562,34669061,70762974,336705592,62447181,0,62900592,4108677,101360332,1604549406,542177,10992,216176,425024,65952,234496,179536,84272,386507147,4862531,59554391,403040,487312,47518416,40976332,17315219,300448,608224,464800275,522906312,1173199,368546020,12151910,12904736,1756384,52970191,43368090,65718960,279800000,3227096,5709808,229410130,183200,1516752,113584,45234589,23684283,312736708,55890082,164880,10992,2709990,336364014,133264015,559236418,6131004158,5947501,119113158,98928,149924084,100362015,29312,20719069,2294254,9835161
2008,4199530,4272224,109031978,538608,25486267,150224,0,417696,188106000,5574790,2656400,409653047,73472267,35449751,1916272,29681318,45300872,1612264,65439253,120181246,436016,3918994,648528,401482,13553722,294267,19958649,4503056,412638000,190528,8991456,54079063,1733545,208848,3881372,5426016,579367139,468992,164880,926992,70795160,7496832207,66650056,109920,1329994,51296,7989944,6591536,23598669,28108268,5514918,8714141,122995055,1810549,51219830,498304,164880,20331836,29573062,194763997,6404717,6118880,409357,17875386,1022256,6417597,630208,879019,58616619,387991843,581599,795088,4162834,366400,5308807,854927145,8925351,111125242,677758,252816,2439371,10893166,1996880,227168,1707424,1760637,8437644,42790584,57248081,3811449,1462814598,366293293,534644072,91803403,47366674,67980176,478902802,10779635,1232313730,20717997,228670094,9911045,65952,82297260,7546983,2131341,8197984,17417775,2125120,534460,53590669,219474,15202501,11183688,1132176,1779958,1087435,201985181,842720,1956576,2747132,128240,2159031,1773376,3766592,288708,492979670,5190380,12016684,2605104,47632,51369080,2179933,9722312,3334240,43968,3351788,174861967,2848035,37713283,4365500,801972,94772175,7328,70329490,9295568,44837000,42110056,155356299,205184,2051840,7334595,4792512,4277954,40810316,77300519,330453984,60122801,0,64256641,4276221,98580323,1636923059,527816,10992,216176,425024,65952,219840,161216,84272,432336410,4740295,51778176,414032,505632,57572432,41372972,18249874,307776,600896,494642254,534024939,1239105,336767465,11987291,13634101,1935232,50886839,44714048,66876696,266595000,2896020,5914939,226873490,201520,1522778,120912,44095716,24333185,309321195,56666877,172208,10992,2779614,325532713,153969705,544498125,5914077766,8201629,123038846,95264,168690196,113326892,21984,22025267,2553028,7720014
2009,6739976,4253904,120184849,516624,27564973,146560,0,443344,178949200,4363332,2627088,401321329,67290760,31856400,1949248,28098071,49148072,1597148,61044579,107711767,516624,4224517,476320,369152,14229440,301103,20537094,3855444,389775000,190528,7745739,45814698,1828977,168544,4557086,6594050,546610441,520288,161216,941648,65900503,7886532768,72556720,135568,1724138,47632,7747752,5514320,21808549,28396318,5643027,8468573,115238793,1694046,48816007,458000,161216,19780666,32503201,203169672,6312459,5408064,497314,14488945,1058896,6453445,575248,778450,55936521,368631190,765922,798752,4232845,381056,6135626,790294719,7497608,104354753,592953,252816,2379249,11442047,2110464,234496,1908944,1888301,7939122,41579400,51470656,3727679,1612816599,401957338,559024857,102968937,42180319,63860946,424738934,7933788,1163212931,21336692,223110062,11966452,54960,86954965,6736609,2667456,7456118,20957555,2216720,474351,53121373,205331,13042298,10638338,1890624,1706379,1092963,200712944,883024,1886960,2532568,131904,2297767,1960240,3707968,293332,475903054,4539512,13073986,1681776,43968,50859733,2439006,10155758,3055776,40304,4129352,169538599,2932650,34882460,4445091,961487,74885064,3664,53566587,8592080,43268000,40653914,155220768,197856,2088480,8460693,5089296,4531500,51317629,76491831,316840280,57223565,0,68596757,4347017,81554215,1528961075,558257,10992,223504,425024,65952,278464,168544,91600,465844309,5257668,45895094,439680,501968,90097760,37634920,16176752,318768,597232,502259444,539230049,1290671,297385075,12944645,14188878,1994368,47252201,43534481,61562260,252506000,2443974,5770842,242273730,227168,2740838,131904,44220307,24321470,315359638,50169647,179536,10992,2999798,277293501,165499676,493894854,5478209686,7946771,106251774,120912,169572855,123442875,29312,24251389,2940336,5476316
2010,8397779,4448096,117813010,516624,28864503,150224,0,454336,186733136,4252750,2506176,404533220,72000290,30632888,1901616,29075435,53991553,1464008,62774838,114543697,538608,4679390,608224,464723,15425964,207404,21145704,4537275,440269000,197856,8060800,47860746,2036372,296784,5100364,6662047,558804007,556928,168544,996608,71310955,8616652695,76278424,161216,1961777,58624,7492647,6063920,21019201,34199817,3887002,8099604,117603433,1961947,49170504,516624,172208,20553453,34825608,200841483,6318629,6804048,497337,18995251,996608,6336871,630208,1201720,64103398,376575652,712224,802416,4783240,432352,6208043,832949108,9709648,97361427,678834,260144,2505064,11097682,2484192,238160,1886960,2136827,7890362,40062903,52068804,3624647,1677887585,451931468,569771991,110065833,41793915,68286901,436153683,7677295,1214816233,20615325,249066913,11744792,58624,89272262,6313962,3004513,8554205,19996595,2275344,760564,60652794,190782,13945089,11207250,1234768,1871843,1025136,215935154,934320,2088480,2579522,135568,2296309,1960240,3913152,298807,463782514,4830905,13819950,2421904,62288,54365200,2634548,13082723,3085088,43968,4824304,181537586,3556595,35031266,4467845,1170164,112314215,3664,50022807,8500480,45697000,46915050,154145307,208848,2033520,9072099,4660608,5021793,57173442,82952687,334887520,53016778,0,71920193,4486194,77943429,1613113034,573397,10992,219840,487312,65952,219840,183200,98928,517715947,6862391,45696426,443344,542272,56619792,38411715,16431818,329760,611888,466930008,595589920,1313250,283872713,13050987,14397601,2395704,53126353,45049377,60716515,270148000,2536415,6926654,255404865,234496,2595698,117248,46957412,27101189,314380033,57110036,183200,10992,3569619,294078322,180621656,511631630,5675786435,6297960,103336000,120912,184084056,138585135,29312,23150591,3120300,7878316
2011,12105788,5030672,119807538,490976,30329742,142896,0,443344,190273774,4968878,2498848,405343883,69888739,32975696,2114128,28467646,56556344,1516527,61628921,105025678,553264,4479719,443344,667430,16992416,264591,23761289,4028802,462580000,201520,9544720,53176425,2130933,354138,5194090,6520807,569870198,615552,186864,1118285,78064404,9528555734,76079775,142896,2239828,65952,7310815,6342384,20651988,29431084,4958740,7786009,115167624,2439520,44215177,472656,153888,21317914,37398376,213026647,6499405,9464112,555834,19090904,1007600,7402480,567920,1068238,56666649,353734944,714282,787760,4930245,447008,7804526,809216919,11226017,94549566,725334,252816,2512302,11237312,2594112,241824,1960240,2272898,8735738,43149716,50191342,3501314,1780129996,504761970,577336334,135274148,38097299,68594737,424277527,8255605,1264866099,21243760,239660091,12928173,54960,86262705,7553504,3170104,7810749,20264128,3063104,851716,49212444,176737,14292805,11102383,1456275,2381149,1140182,216993527,985616,2279008,2576836,139232,2302944,2110464,3916816,299670,484164841,4944974,21426490,2407248,40304,54867636,3106628,15068344,2782096,40304,5220429,168271312,3539688,34497004,4805903,1322299,129568735,7328,36185883,9196640,44817000,53475839,154659589,216176,2246032,9952930,5224920,5198721,48924089,83742512,334305815,51814667,0,79647666,4499156,86047456,1665206778,647022,10992,230832,487312,65952,216176,190528,98928,497659010,7818837,48957080,406704,710816,30271968,37999489,16333590,344416,611888,473948952,624550333,1281212,284729530,14886152,14016871,2179800,49257269,40985444,57784694,276283000,2340736,7751513,253612185,245488,2503920,102592,46680091,25526012,339482252,62182860,183200,10992,3824069,307952841,192991346,469453672,5540173478,7652644,112704612,131904,175944973,151230628,25648,20190194,3372367,9743983
2012,10218514,4667936,128110556,487312,33800624,142896,0,458000,191714848,5748252,1348352,402665844,67263274,35048364,2311984,27018877,60691320,1459119,62674221,102385920,450672,4402539,366400,772722,17778914,311440,22134174,5076711,498309000,201520,9493476,48340677,2618914,379170,5451440,6159371,569262731,501968,190528,614121,79683581,9775621803,79727172,153888,2944507,69616,7260085,8339264,19088544,29742048,5836752,7261686,111289362,2356311,39840159,487312,164880,21254754,37154022,208718329,6471882,9174656,604565,17846305,1168816,8108686,589904,1042187,51229342,355931515,706429,773104,5033862,454336,8251811,813984654,14315347,91430548,578472,271136,2484681,11557767,2421904,245488,1960240,2264181,9093702,42742062,46757505,3496829,1963586045,521527856,602738337,152814840,38241975,74784579,403447214,7912829,1306009842,23813801,245836489,11988008,51296,100074047,9998398,3397982,7519388,22332032,3092416,962647,51646672,185271,14345298,10866201,1290790,2748005,1132054,215213034,1110192,2436560,2760504,135568,2277624,2330304,3964448,296375,496299580,4765682,35030922,2213056,43968,56953540,2980865,11892871,3355055,43968,5470253,164700439,3637863,36137911,4546103,1754420,116330752,7328,37565141,8734976,44342000,58968114,153876181,223504,2198400,9768100,4975712,5173286,54040984,88408213,326702135,49979321,0,92303521,4449690,83882255,1680104359,718462,10992,219840,490976,65952,230832,186864,117248,563179493,7362129,43724476,425024,831728,48144960,35921155,15736752,348080,608224,461138966,628935863,1330032,278963927,15798102,14538701,2634976,46773851,42254632,47230831,272756000,2933412,9061880,270267908,293120,2215629,106256,45555809,26305893,353666209,64533895,183200,10992,3626987,303976430,201548069,487516555,5338698344,8591791,114891110,113584,182224419,142552003,25648,18268332,4165843,7882889
2013,8440766,4928080,132435012,476320,33228583,117248,0,461664,190133373,5535004,861040,393170619,67758606,35214656,2704032,30999524,61781665,1437240,63237300,102652455,439680,4565975,534944,852780,19093870,322432,21801049,5663055,532418000,201520,7628448,42680429,2863840,397996,5578106,5070387,573698737,494640,117248,656304,81810868,9952743755,87427856,183200,3208046,69616,7631517,9526400,18435627,28024016,5503328,6581495,106525802,3537543,41745896,556690,168544,21266960,39362341,206949168,6094472,11578240,620806,19737857,1399648,9781029,648528,1098788,51728113,357536915,692342,787760,5269051,432352,8009298,831453838,14179876,81736129,561216,304112,2435135,12783614,2110464,245488,1905280,2706250,9240065,44306891,43590214,3482726,2036937081,496074375,610210045,163676973,37291763,63131686,369834337,8492241,1315342658,23813152,253728845,12770061,51296,81704119,9658305,4261159,7368417,22163384,2333968,877929,41914140,192495,13354844,10320571,1203710,3214813,1163078,242487438,1091872,2743394,2444297,139232,2232207,2044512,4067040,290465,490129670,4899358,43558789,2150768,51296,56606417,3575519,12937500,2567728,47632,6217840,164684571,3848731,35304681,4616400,1890920,122098213,7328,27013627,7771344,44639000,61277989,150450706,227168,2436560,10513283,5331120,5172147,43062510,95794083,322614415,48181541,0,82696788,4360961,74749877,1619419684,782275,10992,223504,487312,65952,219840,194192,120912,540805232,7852669,44545828,414032,1007600,54366432,35507167,15106405,373728,630208,455865944,635791455,1443616,252726123,14679056,16175480,2744348,45205996,43185681,34233685,273797000,2906893,9908632,287597656,542272,1642552,113584,45235944,26864333,345220584,66375300,186864,10992,3754530,297249639,205390401,477387488,5474256770,7492373,109473193,106256,207424913,149220090,21984,24976297,4416159,11836254
2014,7774340,5620576,142528719,461664,33296311,139232,0,461664,188657102,5604113,872032,399253746,64160937,36974615,2429232,30817608,65978638,1261185,62608774,96867692,468992,4796000,670512,948481,20716717,322432,19311786,6850164,557901000,212512,8925504,45216885,2911488,374917,6493802,6849789,570563417,487312,124576,989835,77573779,9985583382,88699143,161216,3102335,69616,7748309,9738912,17682216,27441780,6408336,6949659,104094900,4630929,37543417,388306,175872,21800611,43206942,221668030,6151155,11178864,631395,18885241,769440,12016546,597232,1244223,47644671,325885736,691310,769440,5316546,512960,8934398,792587770,14754583,78662108,520837,234496,2431506,13785180,2165424,260144,1972021,2704625,9309030,45491754,43678123,3459260,2185855918,498973167,641842053,165150848,36909012,60351834,349581755,7697454,1263728759,25895022,279032098,13772966,58624,75481708,10095418,4449693,7171941,23992028,2473200,1191526,71390467,161176,13106691,9836045,1508124,3161532,1020623,244832567,1315376,3099009,2448395,142896,2228880,2498848,4206272,290033,481128786,4758816,29585990,2106800,47632,57174916,7899233,16169847,3677997,51296,7591334,157663217,4873267,35531369,4756114,2074633,127822805,10992,30545472,7459904,45078000,60676369,156243128,219840,2835936,10855411,6049264,5458230,49433706,101183925,310280090,47961895,0,90418581,4354461,75594475,1622588593,827155,10992,230832,483648,65952,252816,201520,117248,609205617,8724360,37189122,461664,1110192,55209152,33591137,13540462,329760,630208,480627936,630594627,1524224,255067902,17690987,16644807,2808578,43335944,39231220,30841237,276311000,4600122,9900388,282648370,608224,1541898,113584,46344356,27893503,361675463,68033300,197856,7328,4089666,257508606,201927104,438540999,5522807202,6684323,104953028,153888,186708214,169006166,21984,24215664,4876557,11905687
2015,7904133,4495728,149682942,465328,33621246,153888,0,479984,192405960,5469323,897680,403279411,66351619,36988776,2136112,32470072,73277248,1261368,58037502,101055514,641200,5325566,538608,965039,21277669,326096,18460491,5424868,529353000,212512,6954272,48275619,3296919,390866,8526534,7746169,573061376,490976,179536,696715,81824471,9848419740,91965358,179536,3451597,69616,7406021,9405488,17817233,29311009,6924960,6970371,104864605,2792690,35203694,447141,175872,23494589,40759423,219167386,6675315,10834448,634427,15859415,868368,12693593,608224,1294297,44126333,329910376,702356,784096,5269387,523952,9746984,795610215,16114450,74961086,523816,260144,2470355,15822364,2451216,278464,2003336,2660657,9802030,42392071,46614820,3536220,2268567478,551475340,628626244,165646516,38687772,62974924,361302482,7995386,1223396445,25556220,288582401,16301234,54960,91348969,10278881,9232425,7262103,25734552,2242368,1203681,58183529,159621,13319490,9347989,2027991,3231148,1119762,231843940,1311712,3270585,1740986,142896,2264492,2923872,4209936,294667,481974591,4781760,23243136,2238704,58624,58547495,6304005,22108664,3851304,54960,6816731,164199889,4736359,36071297,5430290,2034962,113470026,7328,24621411,7023888,45616000,61856413,169251789,205184,3004480,10877607,6364322,6051014,49066819,112142406,313419083,52289892,0,90137398,4424034,76361515,1623099849,919152,10992,234496,479984,65952,234496,227168,120912,674878168,9845416,43746096,479984,875696,62130448,34410632,13622783,293120,630208,450571528,635213614,1912608,271694203,19830283,20162632,2702357,43602601,38731004,28162773,275836000,5302282,10638599,285687648,600896,1865704,120912,45121718,29271750,381331943,70230457,205184,7328,4525570,223822115,216583104,422340107,5371770557,6725465,101412072,131904,180124211,193003686,21984,12806287,5097951,12225821
2016,6744628,4492064,148928670,468992,31403799,153888,0,490976,190977194,5203013,883024,415945172,67215457,37054721,1978560,31372822,76477097,1283352,59851417,99872138,622880,6600270,619216,1156296,22795497,337088,21734016,6333540,492748000,212512,7544129,45502398,3380872,467437,10533328,7815194,559566962,538608,197856,1012873,84392028,9720444086,93241979,216176,3702358,69616,7922925,11798080,18083057,28177648,5800112,7373018,106685441,2014128,37011386,399509,179536,24644567,39504033,234122634,6645795,11387712,645419,17567318,1055232,14347424,630208,1259717,47229214,333578746,718358,758448,5441095,531280,10066235,800686632,16547069,71372744,524924,267472,2526638,16912995,2744336,304112,2345135,2983089,9292976,43388679,47072006,3487423,2382223220,560845982,637361528,194361365,40155799,61219126,358060743,8163432,1203717880,24345622,288685797,17155983,54960,100858688,9646228,14805657,7210325,26500753,2213056,1357466,53485117,149547,13351102,9092741,1769712,3253198,1306376,250560642,1436288,3329209,1405395,142896,2316085,2535488,4345504,301380,482798052,4903671,25326724,2015200,29312,58457476,8154896,25437183,4051196,51296,9760014,164925247,5315237,34304683,5382658,2064274,115821151,7328,29412375,6987248,44800000,60310441,207018569,212512,3231648,10555175,6635504,7182787,52719506,122237309,324341690,50458265,0,88906547,4524830,74152250,1618598940,1036390,14656,238160,487312,65952,241824,238160,124576,639056486,10015698,45034457,534944,905008,40274688,34855945,14425252,289456,637536,464769069,639258641,1703760,260757956,23027101,19311333,2275902,43262009,39192544,29079394,279705000,6439912,10873052,283434535,494640,2306416,128240,40052240,29007769,401239738,70163883,216176,7328,4790337,234005955,214666772,399337394,5248023931,6520440,108168748,146560,169476933,192765567,25648,10426915,5659098,10737567
2017,6859825,5301808,154935572,465328,28420359,142896,0,490976,187804729,5536589,890352,414751197,69598854,36729864,2095808,32591220,80943513,1169768,60115689,99448135,615552,6937710,630208,1238841,23561768,348080,21819086,7059012,500757715,168544,9552048,47582294,3937800,530397,12874906,7698500,569360436,578912,216176,1035912,84046028,9920459189,86295788,267472,3565236,76944,8311622,11860368,18718063,25207628,4426112,7523104,107612791,2473864,34743087,403384,161216,24016922,39275993,250604761,6015817,12285392,704254,18788490,985616,15237885,707152,1361855,44652056,336995589,705072,765776,4598164,534944,10179542,785882918,13739546,74855081,542002,278464,2479907,17291925,3238976,304112,2319487,3104001,8857228,42553287,49452258,3604886,2433855754,575175792,712256079,211703077,39133421,58873198,352849912,7797546,1188122842,25561278,307908886,16322312,65952,95144622,9348074,18661301,7214945,27976920,2454880,1231620,54398719,155279,13571832,9261344,1919936,4122133,1364161,250561320,1513232,3534393,1559427,146560,2273248,3568736,4536032,295806,459849151,5220511,34264826,2103136,29312,61628551,8322881,24767732,4216153,54960,11647530,162610064,5345160,35854823,5504163,2005650,114043392,7328,21768830,7503872,44372000,65905605,233977568,216176,3268288,11211974,6375360,8073223,53722054,134901810,337682844,55230716,0,99757241,4441140,77203113,1646456968,1050459,10992,241824,505632,65952,216176,245488,128240,639377966,10745803,45525947,556928,912336,39065568,36030606,14591882,285792,637536,464198740,655747114,1454608,274641963,23030453,21714917,2474054,42593728,38182513,32050898,284812000,7865014,11406687,285959563,498304,2210120,157552,39948219,29231486,425329230,70231356,230832,7328,5373509,223084976,168831314,387565181,5207751278,6162573,107153232,139232,161535508,195249310,25648,9950980,6517240,9581633
2018,8344829,4733888,161486543,494640,24375801,142896,0,498304,181099627,5825786,872032,416001157,66565408,36847258,2700368,32609540,82599936,1235544,60961760,100227169,604560,7254633,710816,1435932,23855821,348080,22075036,7561368,483685288,161216,9592352,43637529,4300747,679317,12878613,7931958,579470372,597232,219840,1044295,84409267,10289989525,84880525,293120,3622516,76944,8222150,10251872,17698215,22608510,3828880,7340346,106131600,2779707,34672351,388728,161216,25698088,37919441,227721467,6371211,11211840,804658,17944520,1033248,16149221,725472,1351627,45848982,322371888,698756,802416,4758880,542272,10104572,754111607,16682630,71807547,548021,307776,2457695,18646365,3685984,311440,2480982,3367809,10049978,42738009,49407953,3663377,2599805717,614884277,707157389,211325685,39195155,60546051,349020446,8038802,1143457876,25259630,317279662,18016496,65952,95575260,11697709,19524017,7859362,26551199,2583120,1085305,53361533,142307,13696228,9568440,1216448,4166663,1570154,272229353,1740400,3659601,1538318,146560,2252887,3667664,4514048,293156,455307901,5432857,47537186,2399920,29312,62295068,6891311,32680027,4076921,54960,13690047,159020034,5785320,35789215,5280872,1863142,127928170,10992,17673845,7023888,44469000,60616976,238305865,212512,2956848,10730711,6408336,8509239,54649143,140658221,336992311,51492414,0,106926980,4401362,77608829,1691646718,1142030,10992,245488,509296,58624,241824,238160,131904,621952743,11330392,44260984,556928,952640,46001520,36029541,14493544,289456,637536,464192622,671630709,1337360,269713437,20998382,21179973,2514342,42095408,36867631,30365540,282843000,9107618,11790770,276176956,509296,2290044,139232,40475386,29362809,419436905,70446995,234496,7328,5498383,232032926,154203574,381889659,5375490614,6570970,114732232,175872,120176685,223717789,25648,9983747,7313113,11854367
2019,12146674,4863450,166641950,501848,23486822,139475,0,486373,167565587,5528755,851153,414516833,67962416,38725131,2637810,34439053,94215024,1215299,61022455,99745782,658381,7315116,697992,1927478,23847714,339746,24846861,6924791,485793146,157356,9958114,42222519,4335868,704031,15329057,7397993,582389608,602249,210438,1005433,86129263,10489988555,90419306,305838,3291256,79312,8817911,10479712,17778838,22524658,3761011,7339882,100812345,2688761,30897261,402400,157356,27520188,36757720,225881552,6852675,10269780,834864,12380317,1012882,16370961,736044,1391540,42546042,315930736,728379,827108,4487744,546960,10480276,711427809,16918159,65735923,553636,332271,2561883,21934091,3716950,314056,2486530,3289028,10788920,41789463,49079712,3550747,2625968148,660593985,733365847,222991395,37275319,62393584,339772171,8045054,1105929335,25744983,295868526,18346944,67981,96651162,11017920,33931652,7648184,26657803,2321119,1093400,54509037,148400,13923095,9752160,1256206,4049824,1588500,278659255,1793956,3688197,1669145,151070,2348393,3698476,4377981,305584,435512388,5156188,88691326,2644994,28610,68216612,7287610,36047342,4082009,56651,16966544,153599982,8706294,37494502,5673088,1853323,130104061,11330,29379320,7974674,42865000,60756740,234288957,219051,2985892,12293851,6617732,8524898,54977537,146614938,319520975,47629084,0,115036775,4587948,74846270,1679449327,1187416,10729,239610,497102,57220,236034,245489,126263,622412749,11265532,49337634,581093,960643,45705294,33773451,14005901,298363,665199,475922616,648024558,1395388,251498499,22824893,22031477,2520260,40936867,36741865,31008655,275333035,8634131,12042585,271624559,524968,2305160,143516,40378454,30010549,399344914,76318525,228881,7553,5720797,222579323,154185760,369009693,5255816207,6583985,114198988,181284,99175323,260312093,26437,10020408,7047207,10949084
2020,12160286,4534673,154995460,466294,22198161,123426,0,430410,156978063,5890292,753218,391891928,60634876,37720462,2337684,34960075,92841625,1086743,57445417,83748962,582795,6702765,624448,1925367,20700023,300654,21417961,6518934,467383500,139250,10158494,37444110,3969636,602181,15325618,6889318,535822990,549930,187906,912301,81171490,10667887453,89104941,258456,3116760,79423,7907389,10070733,16982010,20152280,3335066,6496162,87974706,2477334,26194912,351464,139250,27769310,30931763,213456746,6123716,10265267,722332,10452414,955776,14664773,683898,1393413,39287631,276633893,728379,828267,4298177,499912,9968094,644310352,16001330,52235141,514413,294834,2561883,18937908,3394049,286774,2212691,2919510,9659570,31238788,48275451,2935990,2441792313,589500368,745035109,210829146,33348699,56350861,303815294,7429454,1030775384,25487430,291335929,16146074,68077,88935077,11507817,33846818,6772778,25969298,2183421,1008984,50720577,141012,13799480,8174648,1262755,3679618,1394983,272607434,1796469,3390011,1594903,151282,2348393,3377180,3979358,305584,356968119,5146876,88441761,2309894,25318,64536253,6570936,36325546,3877243,56731,16957668,138100074,8692686,33475158,5073650,1690423,125462961,11346,29311104,7146509,41283000,62162570,234754740,219358,2898754,10779522,6652121,7569706,44706055,136017950,299592767,40387817,0,106654967,4587948,71475046,1577136041,1032737,9494,212040,439905,50636,208876,245833,112744,625507882,10451209,43135397,491067,877190,45503904,30730385,12562986,298781,562143,451957087,597605055,1179207,208914968,21106254,18859244,2224178,38634794,32298333,30531928,273174653,9447656,10938632,257765782,525704,2191571,143718,35509414,28126702,392794051,75337709,202546,7564,4892203,213908873,150268152,329578911,4712770573,5840060,112784345,181538,84609478,254303169,26474,9768313,6572938,10531342
